<annotation>
	<folder>my-project-name</folder>
	<filename>newbrain93.jpg</filename>
	<path>/my-project-name/newbrain93.jpg</path>
	<source>
		<database>Unspecified</database>
	</source>
	<size>
		<width>345</width>
		<height>344</height>
		<depth>3</depth>
	</size>
	<object>
		<name>brain</name>
		<pose>Unspecified</pose>
		<truncated>Unspecified</truncated>
		<difficult>Unspecified</difficult>
		<bndbox>
			<xmin>106</xmin>
			<ymin>57</ymin>
			<xmax>278</xmax>
			<ymax>337</ymax>
		</bndbox>
	</object>
	<object>
		<name>blood</name>
		<pose>Unspecified</pose>
		<truncated>Unspecified</truncated>
		<difficult>Unspecified</difficult>
		<bndbox>
			<xmin>173</xmin>
			<ymin>219</ymin>
			<xmax>226</xmax>
			<ymax>272</ymax>
		</bndbox>
	</object>
</annotation>