<annotation>
	<folder>my-project-name</folder>
	<filename>newbrain32.jpg</filename>
	<path>/my-project-name/newbrain32.jpg</path>
	<source>
		<database>Unspecified</database>
	</source>
	<size>
		<width>341</width>
		<height>343</height>
		<depth>3</depth>
	</size>
	<object>
		<name>brain</name>
		<pose>Unspecified</pose>
		<truncated>Unspecified</truncated>
		<difficult>Unspecified</difficult>
		<bndbox>
			<xmin>101</xmin>
			<ymin>59</ymin>
			<xmax>260</xmax>
			<ymax>270</ymax>
		</bndbox>
	</object>
	<object>
		<name>blood</name>
		<pose>Unspecified</pose>
		<truncated>Unspecified</truncated>
		<difficult>Unspecified</difficult>
		<bndbox>
			<xmin>195</xmin>
			<ymin>105</ymin>
			<xmax>241</xmax>
			<ymax>156</ymax>
		</bndbox>
	</object>
</annotation>