<annotation>
	<folder>my-project-name</folder>
	<filename>newbrain18.jpg</filename>
	<path>/my-project-name/newbrain18.jpg</path>
	<source>
		<database>Unspecified</database>
	</source>
	<size>
		<width>344</width>
		<height>347</height>
		<depth>3</depth>
	</size>
	<object>
		<name>blood</name>
		<pose>Unspecified</pose>
		<truncated>Unspecified</truncated>
		<difficult>Unspecified</difficult>
		<bndbox>
			<xmin>206</xmin>
			<ymin>158</ymin>
			<xmax>265</xmax>
			<ymax>208</ymax>
		</bndbox>
	</object>
	<object>
		<name>brain</name>
		<pose>Unspecified</pose>
		<truncated>Unspecified</truncated>
		<difficult>Unspecified</difficult>
		<bndbox>
			<xmin>58</xmin>
			<ymin>80</ymin>
			<xmax>283</xmax>
			<ymax>268</ymax>
		</bndbox>
	</object>
</annotation>