<annotation>
	<folder>my-project-name</folder>
	<filename>newbrain55.jpg</filename>
	<path>/my-project-name/newbrain55.jpg</path>
	<source>
		<database>Unspecified</database>
	</source>
	<size>
		<width>316</width>
		<height>313</height>
		<depth>3</depth>
	</size>
	<object>
		<name>brain</name>
		<pose>Unspecified</pose>
		<truncated>Unspecified</truncated>
		<difficult>Unspecified</difficult>
		<bndbox>
			<xmin>78</xmin>
			<ymin>54</ymin>
			<xmax>237</xmax>
			<ymax>260</ymax>
		</bndbox>
	</object>
	<object>
		<name>blood</name>
		<pose>Unspecified</pose>
		<truncated>Unspecified</truncated>
		<difficult>Unspecified</difficult>
		<bndbox>
			<xmin>107</xmin>
			<ymin>95</ymin>
			<xmax>150</xmax>
			<ymax>137</ymax>
		</bndbox>
	</object>
</annotation>