<annotation>
	<folder>my-project-name</folder>
	<filename>newbrain75.jpg</filename>
	<path>/my-project-name/newbrain75.jpg</path>
	<source>
		<database>Unspecified</database>
	</source>
	<size>
		<width>342</width>
		<height>347</height>
		<depth>3</depth>
	</size>
	<object>
		<name>brain</name>
		<pose>Unspecified</pose>
		<truncated>Unspecified</truncated>
		<difficult>Unspecified</difficult>
		<bndbox>
			<xmin>74</xmin>
			<ymin>67</ymin>
			<xmax>268</xmax>
			<ymax>277</ymax>
		</bndbox>
	</object>
	<object>
		<name>blood</name>
		<pose>Unspecified</pose>
		<truncated>Unspecified</truncated>
		<difficult>Unspecified</difficult>
		<bndbox>
			<xmin>135</xmin>
			<ymin>149</ymin>
			<xmax>200</xmax>
			<ymax>201</ymax>
		</bndbox>
	</object>
</annotation>