<annotation>
	<folder>my-project-name</folder>
	<filename>newbrain124.jpg</filename>
	<path>/my-project-name/newbrain124.jpg</path>
	<source>
		<database>Unspecified</database>
	</source>
	<size>
		<width>345</width>
		<height>344</height>
		<depth>3</depth>
	</size>
	<object>
		<name>brain</name>
		<pose>Unspecified</pose>
		<truncated>Unspecified</truncated>
		<difficult>Unspecified</difficult>
		<bndbox>
			<xmin>83</xmin>
			<ymin>61</ymin>
			<xmax>259</xmax>
			<ymax>285</ymax>
		</bndbox>
	</object>
	<object>
		<name>blood</name>
		<pose>Unspecified</pose>
		<truncated>Unspecified</truncated>
		<difficult>Unspecified</difficult>
		<bndbox>
			<xmin>178</xmin>
			<ymin>141</ymin>
			<xmax>247</xmax>
			<ymax>199</ymax>
		</bndbox>
	</object>
</annotation>