<annotation>
	<folder>my-project-name</folder>
	<filename>newbrain122.jpg</filename>
	<path>/my-project-name/newbrain122.jpg</path>
	<source>
		<database>Unspecified</database>
	</source>
	<size>
		<width>344</width>
		<height>347</height>
		<depth>3</depth>
	</size>
	<object>
		<name>brain</name>
		<pose>Unspecified</pose>
		<truncated>Unspecified</truncated>
		<difficult>Unspecified</difficult>
		<bndbox>
			<xmin>82</xmin>
			<ymin>62</ymin>
			<xmax>264</xmax>
			<ymax>290</ymax>
		</bndbox>
	</object>
	<object>
		<name>blood</name>
		<pose>Unspecified</pose>
		<truncated>Unspecified</truncated>
		<difficult>Unspecified</difficult>
		<bndbox>
			<xmin>113</xmin>
			<ymin>96</ymin>
			<xmax>161</xmax>
			<ymax>144</ymax>
		</bndbox>
	</object>
</annotation>