<annotation>
	<folder>my-project-name</folder>
	<filename>newbrain89.jpg</filename>
	<path>/my-project-name/newbrain89.jpg</path>
	<source>
		<database>Unspecified</database>
	</source>
	<size>
		<width>342</width>
		<height>347</height>
		<depth>3</depth>
	</size>
	<object>
		<name>brain</name>
		<pose>Unspecified</pose>
		<truncated>Unspecified</truncated>
		<difficult>Unspecified</difficult>
		<bndbox>
			<xmin>81</xmin>
			<ymin>64</ymin>
			<xmax>259</xmax>
			<ymax>289</ymax>
		</bndbox>
	</object>
	<object>
		<name>blood</name>
		<pose>Unspecified</pose>
		<truncated>Unspecified</truncated>
		<difficult>Unspecified</difficult>
		<bndbox>
			<xmin>182</xmin>
			<ymin>195</ymin>
			<xmax>232</xmax>
			<ymax>252</ymax>
		</bndbox>
	</object>
</annotation>