<annotation>
	<folder>my-project-name</folder>
	<filename>newbrain36.jpg</filename>
	<path>/my-project-name/newbrain36.jpg</path>
	<source>
		<database>Unspecified</database>
	</source>
	<size>
		<width>342</width>
		<height>347</height>
		<depth>3</depth>
	</size>
	<object>
		<name>brain</name>
		<pose>Unspecified</pose>
		<truncated>Unspecified</truncated>
		<difficult>Unspecified</difficult>
		<bndbox>
			<xmin>75</xmin>
			<ymin>48</ymin>
			<xmax>263</xmax>
			<ymax>287</ymax>
		</bndbox>
	</object>
	<object>
		<name>blood</name>
		<pose>Unspecified</pose>
		<truncated>Unspecified</truncated>
		<difficult>Unspecified</difficult>
		<bndbox>
			<xmin>150</xmin>
			<ymin>129</ymin>
			<xmax>209</xmax>
			<ymax>208</ymax>
		</bndbox>
	</object>
</annotation>