<annotation>
	<folder>my-project-name</folder>
	<filename>newbrain9.jpg</filename>
	<path>/my-project-name/newbrain9.jpg</path>
	<source>
		<database>Unspecified</database>
	</source>
	<size>
		<width>311</width>
		<height>316</height>
		<depth>3</depth>
	</size>
	<object>
		<name>blood</name>
		<pose>Unspecified</pose>
		<truncated>Unspecified</truncated>
		<difficult>Unspecified</difficult>
		<bndbox>
			<xmin>124</xmin>
			<ymin>172</ymin>
			<xmax>166</xmax>
			<ymax>212</ymax>
		</bndbox>
	</object>
	<object>
		<name>brain</name>
		<pose>Unspecified</pose>
		<truncated>Unspecified</truncated>
		<difficult>Unspecified</difficult>
		<bndbox>
			<xmin>98</xmin>
			<ymin>46</ymin>
			<xmax>278</xmax>
			<ymax>252</ymax>
		</bndbox>
	</object>
</annotation>