<annotation>
	<folder>my-project-name</folder>
	<filename>newbrain60.jpg</filename>
	<path>/my-project-name/newbrain60.jpg</path>
	<source>
		<database>Unspecified</database>
	</source>
	<size>
		<width>311</width>
		<height>314</height>
		<depth>3</depth>
	</size>
	<object>
		<name>brain</name>
		<pose>Unspecified</pose>
		<truncated>Unspecified</truncated>
		<difficult>Unspecified</difficult>
		<bndbox>
			<xmin>56</xmin>
			<ymin>63</ymin>
			<xmax>250</xmax>
			<ymax>252</ymax>
		</bndbox>
	</object>
	<object>
		<name>blood</name>
		<pose>Unspecified</pose>
		<truncated>Unspecified</truncated>
		<difficult>Unspecified</difficult>
		<bndbox>
			<xmin>139</xmin>
			<ymin>107</ymin>
			<xmax>210</xmax>
			<ymax>164</ymax>
		</bndbox>
	</object>
</annotation>