<annotation>
	<folder>my-project-name</folder>
	<filename>newbrain23.jpg</filename>
	<path>/my-project-name/newbrain23.jpg</path>
	<source>
		<database>Unspecified</database>
	</source>
	<size>
		<width>342</width>
		<height>347</height>
		<depth>3</depth>
	</size>
	<object>
		<name>blood</name>
		<pose>Unspecified</pose>
		<truncated>Unspecified</truncated>
		<difficult>Unspecified</difficult>
		<bndbox>
			<xmin>138</xmin>
			<ymin>151</ymin>
			<xmax>200</xmax>
			<ymax>202</ymax>
		</bndbox>
	</object>
	<object>
		<name>brain</name>
		<pose>Unspecified</pose>
		<truncated>Unspecified</truncated>
		<difficult>Unspecified</difficult>
		<bndbox>
			<xmin>73</xmin>
			<ymin>70</ymin>
			<xmax>268</xmax>
			<ymax>279</ymax>
		</bndbox>
	</object>
</annotation>