<annotation>
	<folder>my-project-name</folder>
	<filename>newbrain42.jpg</filename>
	<path>/my-project-name/newbrain42.jpg</path>
	<source>
		<database>Unspecified</database>
	</source>
	<size>
		<width>316</width>
		<height>313</height>
		<depth>3</depth>
	</size>
	<object>
		<name>brain</name>
		<pose>Unspecified</pose>
		<truncated>Unspecified</truncated>
		<difficult>Unspecified</difficult>
		<bndbox>
			<xmin>61</xmin>
			<ymin>71</ymin>
			<xmax>261</xmax>
			<ymax>241</ymax>
		</bndbox>
	</object>
	<object>
		<name>blood</name>
		<pose>Unspecified</pose>
		<truncated>Unspecified</truncated>
		<difficult>Unspecified</difficult>
		<bndbox>
			<xmin>110</xmin>
			<ymin>86</ymin>
			<xmax>160</xmax>
			<ymax>134</ymax>
		</bndbox>
	</object>
</annotation>