<annotation>
	<folder>my-project-name</folder>
	<filename>newbrain59.jpg</filename>
	<path>/my-project-name/newbrain59.jpg</path>
	<source>
		<database>Unspecified</database>
	</source>
	<size>
		<width>345</width>
		<height>344</height>
		<depth>3</depth>
	</size>
	<object>
		<name>brain</name>
		<pose>Unspecified</pose>
		<truncated>Unspecified</truncated>
		<difficult>Unspecified</difficult>
		<bndbox>
			<xmin>78</xmin>
			<ymin>57</ymin>
			<xmax>331</xmax>
			<ymax>282</ymax>
		</bndbox>
	</object>
	<object>
		<name>blood</name>
		<pose>Unspecified</pose>
		<truncated>Unspecified</truncated>
		<difficult>Unspecified</difficult>
		<bndbox>
			<xmin>192</xmin>
			<ymin>101</ymin>
			<xmax>279</xmax>
			<ymax>168</ymax>
		</bndbox>
	</object>
</annotation>