<annotation>
	<folder>my-project-name</folder>
	<filename>newbrain48.jpg</filename>
	<path>/my-project-name/newbrain48.jpg</path>
	<source>
		<database>Unspecified</database>
	</source>
	<size>
		<width>311</width>
		<height>316</height>
		<depth>3</depth>
	</size>
	<object>
		<name>brain</name>
		<pose>Unspecified</pose>
		<truncated>Unspecified</truncated>
		<difficult>Unspecified</difficult>
		<bndbox>
			<xmin>69</xmin>
			<ymin>64</ymin>
			<xmax>248</xmax>
			<ymax>251</ymax>
		</bndbox>
	</object>
	<object>
		<name>blood</name>
		<pose>Unspecified</pose>
		<truncated>Unspecified</truncated>
		<difficult>Unspecified</difficult>
		<bndbox>
			<xmin>131</xmin>
			<ymin>194</ymin>
			<xmax>185</xmax>
			<ymax>238</ymax>
		</bndbox>
	</object>
</annotation>