<annotation>
	<folder>my-project-name</folder>
	<filename>newbrain1.jpg</filename>
	<path>/my-project-name/newbrain1.jpg</path>
	<source>
		<database>Unspecified</database>
	</source>
	<size>
		<width>343</width>
		<height>343</height>
		<depth>3</depth>
	</size>
	<object>
		<name>brain</name>
		<pose>Unspecified</pose>
		<truncated>Unspecified</truncated>
		<difficult>Unspecified</difficult>
		<bndbox>
			<xmin>80</xmin>
			<ymin>64</ymin>
			<xmax>265</xmax>
			<ymax>283</ymax>
		</bndbox>
	</object>
	<object>
		<name>blood</name>
		<pose>Unspecified</pose>
		<truncated>Unspecified</truncated>
		<difficult>Unspecified</difficult>
		<bndbox>
			<xmin>174</xmin>
			<ymin>213</ymin>
			<xmax>224</xmax>
			<ymax>257</ymax>
		</bndbox>
	</object>
</annotation>