<annotation>
	<folder>my-project-name</folder>
	<filename>newbrain87.jpg</filename>
	<path>/my-project-name/newbrain87.jpg</path>
	<source>
		<database>Unspecified</database>
	</source>
	<size>
		<width>311</width>
		<height>316</height>
		<depth>3</depth>
	</size>
	<object>
		<name>brain</name>
		<pose>Unspecified</pose>
		<truncated>Unspecified</truncated>
		<difficult>Unspecified</difficult>
		<bndbox>
			<xmin>73</xmin>
			<ymin>59</ymin>
			<xmax>236</xmax>
			<ymax>264</ymax>
		</bndbox>
	</object>
	<object>
		<name>blood</name>
		<pose>Unspecified</pose>
		<truncated>Unspecified</truncated>
		<difficult>Unspecified</difficult>
		<bndbox>
			<xmin>164</xmin>
			<ymin>187</ymin>
			<xmax>210</xmax>
			<ymax>225</ymax>
		</bndbox>
	</object>
</annotation>