<annotation>
	<folder>my-project-name</folder>
	<filename>newbrain121.jpg</filename>
	<path>/my-project-name/newbrain121.jpg</path>
	<source>
		<database>Unspecified</database>
	</source>
	<size>
		<width>340</width>
		<height>344</height>
		<depth>3</depth>
	</size>
	<object>
		<name>blood</name>
		<pose>Unspecified</pose>
		<truncated>Unspecified</truncated>
		<difficult>Unspecified</difficult>
		<bndbox>
			<xmin>169</xmin>
			<ymin>84</ymin>
			<xmax>229</xmax>
			<ymax>150</ymax>
		</bndbox>
	</object>
	<object>
		<name>brain</name>
		<pose>Unspecified</pose>
		<truncated>Unspecified</truncated>
		<difficult>Unspecified</difficult>
		<bndbox>
			<xmin>79</xmin>
			<ymin>56</ymin>
			<xmax>260</xmax>
			<ymax>282</ymax>
		</bndbox>
	</object>
</annotation>