<annotation>
	<folder>my-project-name</folder>
	<filename>newbrain115.jpg</filename>
	<path>/my-project-name/newbrain115.jpg</path>
	<source>
		<database>Unspecified</database>
	</source>
	<size>
		<width>342</width>
		<height>347</height>
		<depth>3</depth>
	</size>
	<object>
		<name>brain</name>
		<pose>Unspecified</pose>
		<truncated>Unspecified</truncated>
		<difficult>Unspecified</difficult>
		<bndbox>
			<xmin>84</xmin>
			<ymin>56</ymin>
			<xmax>266</xmax>
			<ymax>295</ymax>
		</bndbox>
	</object>
	<object>
		<name>blood</name>
		<pose>Unspecified</pose>
		<truncated>Unspecified</truncated>
		<difficult>Unspecified</difficult>
		<bndbox>
			<xmin>111</xmin>
			<ymin>197</ymin>
			<xmax>168</xmax>
			<ymax>249</ymax>
		</bndbox>
	</object>
</annotation>