<annotation>
	<folder>my-project-name</folder>
	<filename>newbrain37.jpg</filename>
	<path>/my-project-name/newbrain37.jpg</path>
	<source>
		<database>Unspecified</database>
	</source>
	<size>
		<width>342</width>
		<height>347</height>
		<depth>3</depth>
	</size>
	<object>
		<name>brain</name>
		<pose>Unspecified</pose>
		<truncated>Unspecified</truncated>
		<difficult>Unspecified</difficult>
		<bndbox>
			<xmin>86</xmin>
			<ymin>65</ymin>
			<xmax>241</xmax>
			<ymax>288</ymax>
		</bndbox>
	</object>
	<object>
		<name>blood</name>
		<pose>Unspecified</pose>
		<truncated>Unspecified</truncated>
		<difficult>Unspecified</difficult>
		<bndbox>
			<xmin>178</xmin>
			<ymin>195</ymin>
			<xmax>216</xmax>
			<ymax>238</ymax>
		</bndbox>
	</object>
</annotation>