<annotation>
	<folder>my-project-name</folder>
	<filename>newbrain47.jpg</filename>
	<path>/my-project-name/newbrain47.jpg</path>
	<source>
		<database>Unspecified</database>
	</source>
	<size>
		<width>311</width>
		<height>314</height>
		<depth>3</depth>
	</size>
	<object>
		<name>brain</name>
		<pose>Unspecified</pose>
		<truncated>Unspecified</truncated>
		<difficult>Unspecified</difficult>
		<bndbox>
			<xmin>72</xmin>
			<ymin>55</ymin>
			<xmax>239</xmax>
			<ymax>257</ymax>
		</bndbox>
	</object>
	<object>
		<name>blood</name>
		<pose>Unspecified</pose>
		<truncated>Unspecified</truncated>
		<difficult>Unspecified</difficult>
		<bndbox>
			<xmin>87</xmin>
			<ymin>121</ymin>
			<xmax>148</xmax>
			<ymax>166</ymax>
		</bndbox>
	</object>
</annotation>