<annotation>
	<folder>my-project-name</folder>
	<filename>newbrain71.jpg</filename>
	<path>/my-project-name/newbrain71.jpg</path>
	<source>
		<database>Unspecified</database>
	</source>
	<size>
		<width>341</width>
		<height>343</height>
		<depth>3</depth>
	</size>
	<object>
		<name>brain</name>
		<pose>Unspecified</pose>
		<truncated>Unspecified</truncated>
		<difficult>Unspecified</difficult>
		<bndbox>
			<xmin>82</xmin>
			<ymin>62</ymin>
			<xmax>256</xmax>
			<ymax>290</ymax>
		</bndbox>
	</object>
	<object>
		<name>blood</name>
		<pose>Unspecified</pose>
		<truncated>Unspecified</truncated>
		<difficult>Unspecified</difficult>
		<bndbox>
			<xmin>110</xmin>
			<ymin>102</ymin>
			<xmax>161</xmax>
			<ymax>152</ymax>
		</bndbox>
	</object>
</annotation>