<annotation>
	<folder>my-project-name</folder>
	<filename>newbrain21.jpg</filename>
	<path>/my-project-name/newbrain21.jpg</path>
	<source>
		<database>Unspecified</database>
	</source>
	<size>
		<width>311</width>
		<height>314</height>
		<depth>3</depth>
	</size>
	<object>
		<name>blood</name>
		<pose>Unspecified</pose>
		<truncated>Unspecified</truncated>
		<difficult>Unspecified</difficult>
		<bndbox>
			<xmin>92</xmin>
			<ymin>131</ymin>
			<xmax>145</xmax>
			<ymax>183</ymax>
		</bndbox>
	</object>
	<object>
		<name>brain</name>
		<pose>Unspecified</pose>
		<truncated>Unspecified</truncated>
		<difficult>Unspecified</difficult>
		<bndbox>
			<xmin>77</xmin>
			<ymin>55</ymin>
			<xmax>236</xmax>
			<ymax>260</ymax>
		</bndbox>
	</object>
</annotation>