<annotation>
	<folder>my-project-name</folder>
	<filename>newbrain111.jpg</filename>
	<path>/my-project-name/newbrain111.jpg</path>
	<source>
		<database>Unspecified</database>
	</source>
	<size>
		<width>345</width>
		<height>344</height>
		<depth>3</depth>
	</size>
	<object>
		<name>brain</name>
		<pose>Unspecified</pose>
		<truncated>Unspecified</truncated>
		<difficult>Unspecified</difficult>
		<bndbox>
			<xmin>57</xmin>
			<ymin>73</ymin>
			<xmax>281</xmax>
			<ymax>269</ymax>
		</bndbox>
	</object>
	<object>
		<name>blood</name>
		<pose>Unspecified</pose>
		<truncated>Unspecified</truncated>
		<difficult>Unspecified</difficult>
		<bndbox>
			<xmin>127</xmin>
			<ymin>174</ymin>
			<xmax>187</xmax>
			<ymax>238</ymax>
		</bndbox>
	</object>
</annotation>