<annotation>
	<folder>my-project-name</folder>
	<filename>newbrain4.jpg</filename>
	<path>/my-project-name/newbrain4.jpg</path>
	<source>
		<database>Unspecified</database>
	</source>
	<size>
		<width>340</width>
		<height>344</height>
		<depth>3</depth>
	</size>
	<object>
		<name>brain</name>
		<pose>Unspecified</pose>
		<truncated>Unspecified</truncated>
		<difficult>Unspecified</difficult>
		<bndbox>
			<xmin>85</xmin>
			<ymin>60</ymin>
			<xmax>257</xmax>
			<ymax>286</ymax>
		</bndbox>
	</object>
	<object>
		<name>blood</name>
		<pose>Unspecified</pose>
		<truncated>Unspecified</truncated>
		<difficult>Unspecified</difficult>
		<bndbox>
			<xmin>112</xmin>
			<ymin>95</ymin>
			<xmax>162</xmax>
			<ymax>142</ymax>
		</bndbox>
	</object>
</annotation>