<annotation>
	<folder>my-project-name</folder>
	<filename>newbrain35.jpg</filename>
	<path>/my-project-name/newbrain35.jpg</path>
	<source>
		<database>Unspecified</database>
	</source>
	<size>
		<width>311</width>
		<height>316</height>
		<depth>3</depth>
	</size>
	<object>
		<name>brain</name>
		<pose>Unspecified</pose>
		<truncated>Unspecified</truncated>
		<difficult>Unspecified</difficult>
		<bndbox>
			<xmin>77</xmin>
			<ymin>58</ymin>
			<xmax>238</xmax>
			<ymax>269</ymax>
		</bndbox>
	</object>
	<object>
		<name>blood</name>
		<pose>Unspecified</pose>
		<truncated>Unspecified</truncated>
		<difficult>Unspecified</difficult>
		<bndbox>
			<xmin>102</xmin>
			<ymin>185</ymin>
			<xmax>147</xmax>
			<ymax>226</ymax>
		</bndbox>
	</object>
</annotation>