<annotation>
	<folder>my-project-name</folder>
	<filename>newbrain72.jpg</filename>
	<path>/my-project-name/newbrain72.jpg</path>
	<source>
		<database>Unspecified</database>
	</source>
	<size>
		<width>345</width>
		<height>344</height>
		<depth>3</depth>
	</size>
	<object>
		<name>brain</name>
		<pose>Unspecified</pose>
		<truncated>Unspecified</truncated>
		<difficult>Unspecified</difficult>
		<bndbox>
			<xmin>72</xmin>
			<ymin>69</ymin>
			<xmax>269</xmax>
			<ymax>277</ymax>
		</bndbox>
	</object>
	<object>
		<name>blood</name>
		<pose>Unspecified</pose>
		<truncated>Unspecified</truncated>
		<difficult>Unspecified</difficult>
		<bndbox>
			<xmin>162</xmin>
			<ymin>119</ymin>
			<xmax>234</xmax>
			<ymax>181</ymax>
		</bndbox>
	</object>
</annotation>