<annotation>
	<folder>my-project-name</folder>
	<filename>newbrain31.jpg</filename>
	<path>/my-project-name/newbrain31.jpg</path>
	<source>
		<database>Unspecified</database>
	</source>
	<size>
		<width>344</width>
		<height>347</height>
		<depth>3</depth>
	</size>
	<object>
		<name>brain</name>
		<pose>Unspecified</pose>
		<truncated>Unspecified</truncated>
		<difficult>Unspecified</difficult>
		<bndbox>
			<xmin>52</xmin>
			<ymin>83</ymin>
			<xmax>290</xmax>
			<ymax>271</ymax>
		</bndbox>
	</object>
	<object>
		<name>blood</name>
		<pose>Unspecified</pose>
		<truncated>Unspecified</truncated>
		<difficult>Unspecified</difficult>
		<bndbox>
			<xmin>208</xmin>
			<ymin>186</ymin>
			<xmax>261</xmax>
			<ymax>238</ymax>
		</bndbox>
	</object>
</annotation>