<annotation>
	<folder>my-project-name</folder>
	<filename>newbrain109.jpg</filename>
	<path>/my-project-name/newbrain109.jpg</path>
	<source>
		<database>Unspecified</database>
	</source>
	<size>
		<width>344</width>
		<height>347</height>
		<depth>3</depth>
	</size>
	<object>
		<name>brain</name>
		<pose>Unspecified</pose>
		<truncated>Unspecified</truncated>
		<difficult>Unspecified</difficult>
		<bndbox>
			<xmin>83</xmin>
			<ymin>70</ymin>
			<xmax>226</xmax>
			<ymax>298</ymax>
		</bndbox>
	</object>
	<object>
		<name>blood</name>
		<pose>Unspecified</pose>
		<truncated>Unspecified</truncated>
		<difficult>Unspecified</difficult>
		<bndbox>
			<xmin>99</xmin>
			<ymin>101</ymin>
			<xmax>148</xmax>
			<ymax>145</ymax>
		</bndbox>
	</object>
</annotation>