<annotation>
	<folder>my-project-name</folder>
	<filename>newbrain127.jpg</filename>
	<path>/my-project-name/newbrain127.jpg</path>
	<source>
		<database>Unspecified</database>
	</source>
	<size>
		<width>342</width>
		<height>347</height>
		<depth>3</depth>
	</size>
	<object>
		<name>brain</name>
		<pose>Unspecified</pose>
		<truncated>Unspecified</truncated>
		<difficult>Unspecified</difficult>
		<bndbox>
			<xmin>78</xmin>
			<ymin>57</ymin>
			<xmax>265</xmax>
			<ymax>292</ymax>
		</bndbox>
	</object>
	<object>
		<name>blood</name>
		<pose>Unspecified</pose>
		<truncated>Unspecified</truncated>
		<difficult>Unspecified</difficult>
		<bndbox>
			<xmin>134</xmin>
			<ymin>142</ymin>
			<xmax>202</xmax>
			<ymax>206</ymax>
		</bndbox>
	</object>
</annotation>