<annotation>
	<folder>my-project-name</folder>
	<filename>newbrain34.jpg</filename>
	<path>/my-project-name/newbrain34.jpg</path>
	<source>
		<database>Unspecified</database>
	</source>
	<size>
		<width>311</width>
		<height>314</height>
		<depth>3</depth>
	</size>
	<object>
		<name>brain</name>
		<pose>Unspecified</pose>
		<truncated>Unspecified</truncated>
		<difficult>Unspecified</difficult>
		<bndbox>
			<xmin>58</xmin>
			<ymin>72</ymin>
			<xmax>256</xmax>
			<ymax>239</ymax>
		</bndbox>
	</object>
	<object>
		<name>blood</name>
		<pose>Unspecified</pose>
		<truncated>Unspecified</truncated>
		<difficult>Unspecified</difficult>
		<bndbox>
			<xmin>111</xmin>
			<ymin>162</ymin>
			<xmax>172</xmax>
			<ymax>219</ymax>
		</bndbox>
	</object>
</annotation>