<annotation>
	<folder>my-project-name</folder>
	<filename>newbrain97.jpg</filename>
	<path>/my-project-name/newbrain97.jpg</path>
	<source>
		<database>Unspecified</database>
	</source>
	<size>
		<width>341</width>
		<height>343</height>
		<depth>3</depth>
	</size>
	<object>
		<name>brain</name>
		<pose>Unspecified</pose>
		<truncated>Unspecified</truncated>
		<difficult>Unspecified</difficult>
		<bndbox>
			<xmin>83</xmin>
			<ymin>49</ymin>
			<xmax>258</xmax>
			<ymax>284</ymax>
		</bndbox>
	</object>
	<object>
		<name>blood</name>
		<pose>Unspecified</pose>
		<truncated>Unspecified</truncated>
		<difficult>Unspecified</difficult>
		<bndbox>
			<xmin>114</xmin>
			<ymin>99</ymin>
			<xmax>164</xmax>
			<ymax>150</ymax>
		</bndbox>
	</object>
</annotation>