<annotation>
	<folder>my-project-name</folder>
	<filename>newbrain78.jpg</filename>
	<path>/my-project-name/newbrain78.jpg</path>
	<source>
		<database>Unspecified</database>
	</source>
	<size>
		<width>341</width>
		<height>345</height>
		<depth>3</depth>
	</size>
	<object>
		<name>brain</name>
		<pose>Unspecified</pose>
		<truncated>Unspecified</truncated>
		<difficult>Unspecified</difficult>
		<bndbox>
			<xmin>83</xmin>
			<ymin>57</ymin>
			<xmax>258</xmax>
			<ymax>285</ymax>
		</bndbox>
	</object>
</annotation>