<annotation>
	<folder>my-project-name</folder>
	<filename>newbrain92.jpg</filename>
	<path>/my-project-name/newbrain92.jpg</path>
	<source>
		<database>Unspecified</database>
	</source>
	<size>
		<width>343</width>
		<height>343</height>
		<depth>3</depth>
	</size>
	<object>
		<name>brain</name>
		<pose>Unspecified</pose>
		<truncated>Unspecified</truncated>
		<difficult>Unspecified</difficult>
		<bndbox>
			<xmin>79</xmin>
			<ymin>57</ymin>
			<xmax>263</xmax>
			<ymax>288</ymax>
		</bndbox>
	</object>
	<object>
		<name>blood</name>
		<pose>Unspecified</pose>
		<truncated>Unspecified</truncated>
		<difficult>Unspecified</difficult>
		<bndbox>
			<xmin>142</xmin>
			<ymin>225</ymin>
			<xmax>202</xmax>
			<ymax>268</ymax>
		</bndbox>
	</object>
</annotation>