<annotation>
	<folder>my-project-name</folder>
	<filename>newbrain76.jpg</filename>
	<path>/my-project-name/newbrain76.jpg</path>
	<source>
		<database>Unspecified</database>
	</source>
	<size>
		<width>342</width>
		<height>347</height>
		<depth>3</depth>
	</size>
	<object>
		<name>brain</name>
		<pose>Unspecified</pose>
		<truncated>Unspecified</truncated>
		<difficult>Unspecified</difficult>
		<bndbox>
			<xmin>76</xmin>
			<ymin>66</ymin>
			<xmax>265</xmax>
			<ymax>287</ymax>
		</bndbox>
	</object>
	<object>
		<name>blood</name>
		<pose>Unspecified</pose>
		<truncated>Unspecified</truncated>
		<difficult>Unspecified</difficult>
		<bndbox>
			<xmin>198</xmin>
			<ymin>179</ymin>
			<xmax>254</xmax>
			<ymax>228</ymax>
		</bndbox>
	</object>
</annotation>