<annotation>
	<folder>my-project-name</folder>
	<filename>newbrain125.jpg</filename>
	<path>/my-project-name/newbrain125.jpg</path>
	<source>
		<database>Unspecified</database>
	</source>
	<size>
		<width>311</width>
		<height>314</height>
		<depth>3</depth>
	</size>
	<object>
		<name>blood</name>
		<pose>Unspecified</pose>
		<truncated>Unspecified</truncated>
		<difficult>Unspecified</difficult>
		<bndbox>
			<xmin>81</xmin>
			<ymin>132</ymin>
			<xmax>144</xmax>
			<ymax>179</ymax>
		</bndbox>
	</object>
	<object>
		<name>brain</name>
		<pose>Unspecified</pose>
		<truncated>Unspecified</truncated>
		<difficult>Unspecified</difficult>
		<bndbox>
			<xmin>70</xmin>
			<ymin>49</ymin>
			<xmax>236</xmax>
			<ymax>263</ymax>
		</bndbox>
	</object>
</annotation>