<annotation>
	<folder>my-project-name</folder>
	<filename>newbrain114.jpg</filename>
	<path>/my-project-name/newbrain114.jpg</path>
	<source>
		<database>Unspecified</database>
	</source>
	<size>
		<width>342</width>
		<height>347</height>
		<depth>3</depth>
	</size>
	<object>
		<name>blood</name>
		<pose>Unspecified</pose>
		<truncated>Unspecified</truncated>
		<difficult>Unspecified</difficult>
		<bndbox>
			<xmin>135</xmin>
			<ymin>148</ymin>
			<xmax>205</xmax>
			<ymax>205</ymax>
		</bndbox>
	</object>
	<object>
		<name>brain</name>
		<pose>Unspecified</pose>
		<truncated>Unspecified</truncated>
		<difficult>Unspecified</difficult>
		<bndbox>
			<xmin>77</xmin>
			<ymin>56</ymin>
			<xmax>257</xmax>
			<ymax>286</ymax>
		</bndbox>
	</object>
</annotation>