<annotation>
	<folder>my-project-name</folder>
	<filename>newbrain101.jpg</filename>
	<path>/my-project-name/newbrain101.jpg</path>
	<source>
		<database>Unspecified</database>
	</source>
	<size>
		<width>342</width>
		<height>347</height>
		<depth>3</depth>
	</size>
	<object>
		<name>brain</name>
		<pose>Unspecified</pose>
		<truncated>Unspecified</truncated>
		<difficult>Unspecified</difficult>
		<bndbox>
			<xmin>84</xmin>
			<ymin>62</ymin>
			<xmax>258</xmax>
			<ymax>290</ymax>
		</bndbox>
	</object>
	<object>
		<name>blood</name>
		<pose>Unspecified</pose>
		<truncated>Unspecified</truncated>
		<difficult>Unspecified</difficult>
		<bndbox>
			<xmin>131</xmin>
			<ymin>154</ymin>
			<xmax>206</xmax>
			<ymax>198</ymax>
		</bndbox>
	</object>
</annotation>