<annotation>
	<folder>my-project-name</folder>
	<filename>newbrain85.jpg</filename>
	<path>/my-project-name/newbrain85.jpg</path>
	<source>
		<database>Unspecified</database>
	</source>
	<size>
		<width>345</width>
		<height>344</height>
		<depth>3</depth>
	</size>
	<object>
		<name>brain</name>
		<pose>Unspecified</pose>
		<truncated>Unspecified</truncated>
		<difficult>Unspecified</difficult>
		<bndbox>
			<xmin>61</xmin>
			<ymin>67</ymin>
			<xmax>276</xmax>
			<ymax>270</ymax>
		</bndbox>
	</object>
	<object>
		<name>blood</name>
		<pose>Unspecified</pose>
		<truncated>Unspecified</truncated>
		<difficult>Unspecified</difficult>
		<bndbox>
			<xmin>161</xmin>
			<ymin>170</ymin>
			<xmax>233</xmax>
			<ymax>224</ymax>
		</bndbox>
	</object>
</annotation>