<annotation>
	<folder>my-project-name</folder>
	<filename>newbrain126.jpg</filename>
	<path>/my-project-name/newbrain126.jpg</path>
	<source>
		<database>Unspecified</database>
	</source>
	<size>
		<width>311</width>
		<height>316</height>
		<depth>3</depth>
	</size>
	<object>
		<name>brain</name>
		<pose>Unspecified</pose>
		<truncated>Unspecified</truncated>
		<difficult>Unspecified</difficult>
		<bndbox>
			<xmin>62</xmin>
			<ymin>45</ymin>
			<xmax>231</xmax>
			<ymax>233</ymax>
		</bndbox>
	</object>
	<object>
		<name>blood</name>
		<pose>Unspecified</pose>
		<truncated>Unspecified</truncated>
		<difficult>Unspecified</difficult>
		<bndbox>
			<xmin>78</xmin>
			<ymin>157</ymin>
			<xmax>129</xmax>
			<ymax>199</ymax>
		</bndbox>
	</object>
</annotation>