<annotation>
	<folder>my-project-name</folder>
	<filename>newbrain50.jpg</filename>
	<path>/my-project-name/newbrain50.jpg</path>
	<source>
		<database>Unspecified</database>
	</source>
	<size>
		<width>342</width>
		<height>347</height>
		<depth>3</depth>
	</size>
	<object>
		<name>brain</name>
		<pose>Unspecified</pose>
		<truncated>Unspecified</truncated>
		<difficult>Unspecified</difficult>
		<bndbox>
			<xmin>52</xmin>
			<ymin>67</ymin>
			<xmax>329</xmax>
			<ymax>248</ymax>
		</bndbox>
	</object>
	<object>
		<name>blood</name>
		<pose>Unspecified</pose>
		<truncated>Unspecified</truncated>
		<difficult>Unspecified</difficult>
		<bndbox>
			<xmin>82</xmin>
			<ymin>109</ymin>
			<xmax>139</xmax>
			<ymax>160</ymax>
		</bndbox>
	</object>
</annotation>