<annotation>
	<folder>my-project-name</folder>
	<filename>newbrain33.jpg</filename>
	<path>/my-project-name/newbrain33.jpg</path>
	<source>
		<database>Unspecified</database>
	</source>
	<size>
		<width>345</width>
		<height>344</height>
		<depth>3</depth>
	</size>
	<object>
		<name>brain</name>
		<pose>Unspecified</pose>
		<truncated>Unspecified</truncated>
		<difficult>Unspecified</difficult>
		<bndbox>
			<xmin>83</xmin>
			<ymin>60</ymin>
			<xmax>256</xmax>
			<ymax>287</ymax>
		</bndbox>
	</object>
	<object>
		<name>blood</name>
		<pose>Unspecified</pose>
		<truncated>Unspecified</truncated>
		<difficult>Unspecified</difficult>
		<bndbox>
			<xmin>179</xmin>
			<ymin>142</ymin>
			<xmax>246</xmax>
			<ymax>198</ymax>
		</bndbox>
	</object>
</annotation>