<annotation>
	<folder>my-project-name</folder>
	<filename>newbrain95.jpg</filename>
	<path>/my-project-name/newbrain95.jpg</path>
	<source>
		<database>Unspecified</database>
	</source>
	<size>
		<width>340</width>
		<height>344</height>
		<depth>3</depth>
	</size>
	<object>
		<name>brain</name>
		<pose>Unspecified</pose>
		<truncated>Unspecified</truncated>
		<difficult>Unspecified</difficult>
		<bndbox>
			<xmin>81</xmin>
			<ymin>59</ymin>
			<xmax>257</xmax>
			<ymax>289</ymax>
		</bndbox>
	</object>
	<object>
		<name>blood</name>
		<pose>Unspecified</pose>
		<truncated>Unspecified</truncated>
		<difficult>Unspecified</difficult>
		<bndbox>
			<xmin>176</xmin>
			<ymin>91</ymin>
			<xmax>232</xmax>
			<ymax>146</ymax>
		</bndbox>
	</object>
</annotation>