<annotation>
	<folder>my-project-name</folder>
	<filename>newbrain15.jpg</filename>
	<path>/my-project-name/newbrain15.jpg</path>
	<source>
		<database>Unspecified</database>
	</source>
	<size>
		<width>345</width>
		<height>344</height>
		<depth>3</depth>
	</size>
	<object>
		<name>brain</name>
		<pose>Unspecified</pose>
		<truncated>Unspecified</truncated>
		<difficult>Unspecified</difficult>
		<bndbox>
			<xmin>68</xmin>
			<ymin>75</ymin>
			<xmax>276</xmax>
			<ymax>274</ymax>
		</bndbox>
	</object>
	<object>
		<name>blood</name>
		<pose>Unspecified</pose>
		<truncated>Unspecified</truncated>
		<difficult>Unspecified</difficult>
		<bndbox>
			<xmin>164</xmin>
			<ymin>172</ymin>
			<xmax>230</xmax>
			<ymax>224</ymax>
		</bndbox>
	</object>
</annotation>