<annotation>
	<folder>my-project-name</folder>
	<filename>newbrain74.jpg</filename>
	<path>/my-project-name/newbrain74.jpg</path>
	<source>
		<database>Unspecified</database>
	</source>
	<size>
		<width>311</width>
		<height>316</height>
		<depth>3</depth>
	</size>
	<object>
		<name>brain</name>
		<pose>Unspecified</pose>
		<truncated>Unspecified</truncated>
		<difficult>Unspecified</difficult>
		<bndbox>
			<xmin>64</xmin>
			<ymin>60</ymin>
			<xmax>237</xmax>
			<ymax>258</ymax>
		</bndbox>
	</object>
	<object>
		<name>blood</name>
		<pose>Unspecified</pose>
		<truncated>Unspecified</truncated>
		<difficult>Unspecified</difficult>
		<bndbox>
			<xmin>126</xmin>
			<ymin>197</ymin>
			<xmax>184</xmax>
			<ymax>236</ymax>
		</bndbox>
	</object>
</annotation>