<annotation>
	<folder>my-project-name</folder>
	<filename>newbrain54.jpg</filename>
	<path>/my-project-name/newbrain54.jpg</path>
	<source>
		<database>Unspecified</database>
	</source>
	<size>
		<width>345</width>
		<height>344</height>
		<depth>3</depth>
	</size>
	<object>
		<name>brain</name>
		<pose>Unspecified</pose>
		<truncated>Unspecified</truncated>
		<difficult>Unspecified</difficult>
		<bndbox>
			<xmin>80</xmin>
			<ymin>59</ymin>
			<xmax>267</xmax>
			<ymax>289</ymax>
		</bndbox>
	</object>
	<object>
		<name>blood</name>
		<pose>Unspecified</pose>
		<truncated>Unspecified</truncated>
		<difficult>Unspecified</difficult>
		<bndbox>
			<xmin>160</xmin>
			<ymin>199</ymin>
			<xmax>212</xmax>
			<ymax>248</ymax>
		</bndbox>
	</object>
</annotation>