<annotation>
	<folder>my-project-name</folder>
	<filename>newbrain20.jpg</filename>
	<path>/my-project-name/newbrain20.jpg</path>
	<source>
		<database>Unspecified</database>
	</source>
	<size>
		<width>345</width>
		<height>344</height>
		<depth>3</depth>
	</size>
	<object>
		<name>blood</name>
		<pose>Unspecified</pose>
		<truncated>Unspecified</truncated>
		<difficult>Unspecified</difficult>
		<bndbox>
			<xmin>183</xmin>
			<ymin>147</ymin>
			<xmax>242</xmax>
			<ymax>200</ymax>
		</bndbox>
	</object>
	<object>
		<name>brain</name>
		<pose>Unspecified</pose>
		<truncated>Unspecified</truncated>
		<difficult>Unspecified</difficult>
		<bndbox>
			<xmin>84</xmin>
			<ymin>61</ymin>
			<xmax>259</xmax>
			<ymax>285</ymax>
		</bndbox>
	</object>
</annotation>