<annotation>
	<folder>my-project-name</folder>
	<filename>newbrain120.jpg</filename>
	<path>/my-project-name/newbrain120.jpg</path>
	<source>
		<database>Unspecified</database>
	</source>
	<size>
		<width>316</width>
		<height>313</height>
		<depth>3</depth>
	</size>
	<object>
		<name>brain</name>
		<pose>Unspecified</pose>
		<truncated>Unspecified</truncated>
		<difficult>Unspecified</difficult>
		<bndbox>
			<xmin>77</xmin>
			<ymin>54</ymin>
			<xmax>239</xmax>
			<ymax>264</ymax>
		</bndbox>
	</object>
	<object>
		<name>blood</name>
		<pose>Unspecified</pose>
		<truncated>Unspecified</truncated>
		<difficult>Unspecified</difficult>
		<bndbox>
			<xmin>106</xmin>
			<ymin>93</ymin>
			<xmax>154</xmax>
			<ymax>140</ymax>
		</bndbox>
	</object>
</annotation>