<annotation>
	<folder>my-project-name</folder>
	<filename>newbrain80.jpg</filename>
	<path>/my-project-name/newbrain80.jpg</path>
	<source>
		<database>Unspecified</database>
	</source>
	<size>
		<width>345</width>
		<height>344</height>
		<depth>3</depth>
	</size>
	<object>
		<name>brain</name>
		<pose>Unspecified</pose>
		<truncated>Unspecified</truncated>
		<difficult>Unspecified</difficult>
		<bndbox>
			<xmin>61</xmin>
			<ymin>78</ymin>
			<xmax>280</xmax>
			<ymax>265</ymax>
		</bndbox>
	</object>
	<object>
		<name>blood</name>
		<pose>Unspecified</pose>
		<truncated>Unspecified</truncated>
		<difficult>Unspecified</difficult>
		<bndbox>
			<xmin>182</xmin>
			<ymin>162</ymin>
			<xmax>231</xmax>
			<ymax>215</ymax>
		</bndbox>
	</object>
</annotation>