<annotation>
	<folder>my-project-name</folder>
	<filename>newbrain129.jpg</filename>
	<path>/my-project-name/newbrain129.jpg</path>
	<source>
		<database>Unspecified</database>
	</source>
	<size>
		<width>341</width>
		<height>345</height>
		<depth>3</depth>
	</size>
	<object>
		<name>brain</name>
		<pose>Unspecified</pose>
		<truncated>Unspecified</truncated>
		<difficult>Unspecified</difficult>
		<bndbox>
			<xmin>81</xmin>
			<ymin>63</ymin>
			<xmax>262</xmax>
			<ymax>288</ymax>
		</bndbox>
	</object>
</annotation>