<annotation>
	<folder>my-project-name</folder>
	<filename>newbrain68.jpg</filename>
	<path>/my-project-name/newbrain68.jpg</path>
	<source>
		<database>Unspecified</database>
	</source>
	<size>
		<width>316</width>
		<height>313</height>
		<depth>3</depth>
	</size>
	<object>
		<name>brain</name>
		<pose>Unspecified</pose>
		<truncated>Unspecified</truncated>
		<difficult>Unspecified</difficult>
		<bndbox>
			<xmin>87</xmin>
			<ymin>59</ymin>
			<xmax>241</xmax>
			<ymax>254</ymax>
		</bndbox>
	</object>
	<object>
		<name>blood</name>
		<pose>Unspecified</pose>
		<truncated>Unspecified</truncated>
		<difficult>Unspecified</difficult>
		<bndbox>
			<xmin>159</xmin>
			<ymin>92</ymin>
			<xmax>207</xmax>
			<ymax>136</ymax>
		</bndbox>
	</object>
</annotation>