<annotation>
	<folder>my-project-name</folder>
	<filename>newbrain17.jpg</filename>
	<path>/my-project-name/newbrain17.jpg</path>
	<source>
		<database>Unspecified</database>
	</source>
	<size>
		<width>340</width>
		<height>344</height>
		<depth>3</depth>
	</size>
	<object>
		<name>blood</name>
		<pose>Unspecified</pose>
		<truncated>Unspecified</truncated>
		<difficult>Unspecified</difficult>
		<bndbox>
			<xmin>134</xmin>
			<ymin>92</ymin>
			<xmax>179</xmax>
			<ymax>146</ymax>
		</bndbox>
	</object>
	<object>
		<name>brain</name>
		<pose>Unspecified</pose>
		<truncated>Unspecified</truncated>
		<difficult>Unspecified</difficult>
		<bndbox>
			<xmin>100</xmin>
			<ymin>55</ymin>
			<xmax>276</xmax>
			<ymax>287</ymax>
		</bndbox>
	</object>
</annotation>