<annotation>
	<folder>my-project-name</folder>
	<filename>newbrain14.jpg</filename>
	<path>/my-project-name/newbrain14.jpg</path>
	<source>
		<database>Unspecified</database>
	</source>
	<size>
		<width>343</width>
		<height>343</height>
		<depth>3</depth>
	</size>
	<object>
		<name>brain</name>
		<pose>Unspecified</pose>
		<truncated>Unspecified</truncated>
		<difficult>Unspecified</difficult>
		<bndbox>
			<xmin>83</xmin>
			<ymin>57</ymin>
			<xmax>260</xmax>
			<ymax>296</ymax>
		</bndbox>
	</object>
	<object>
		<name>blood</name>
		<pose>Unspecified</pose>
		<truncated>Unspecified</truncated>
		<difficult>Unspecified</difficult>
		<bndbox>
			<xmin>162</xmin>
			<ymin>223</ymin>
			<xmax>207</xmax>
			<ymax>265</ymax>
		</bndbox>
	</object>
</annotation>