<annotation>
	<folder>my-project-name</folder>
	<filename>newbrain88.jpg</filename>
	<path>/my-project-name/newbrain88.jpg</path>
	<source>
		<database>Unspecified</database>
	</source>
	<size>
		<width>342</width>
		<height>347</height>
		<depth>3</depth>
	</size>
	<object>
		<name>brain</name>
		<pose>Unspecified</pose>
		<truncated>Unspecified</truncated>
		<difficult>Unspecified</difficult>
		<bndbox>
			<xmin>81</xmin>
			<ymin>62</ymin>
			<xmax>258</xmax>
			<ymax>291</ymax>
		</bndbox>
	</object>
	<object>
		<name>blood</name>
		<pose>Unspecified</pose>
		<truncated>Unspecified</truncated>
		<difficult>Unspecified</difficult>
		<bndbox>
			<xmin>133</xmin>
			<ymin>148</ymin>
			<xmax>199</xmax>
			<ymax>202</ymax>
		</bndbox>
	</object>
</annotation>