<annotation>
	<folder>my-project-name</folder>
	<filename>newbrain29.jpg</filename>
	<path>/my-project-name/newbrain29.jpg</path>
	<source>
		<database>Unspecified</database>
	</source>
	<size>
		<width>316</width>
		<height>313</height>
		<depth>3</depth>
	</size>
	<object>
		<name>brain</name>
		<pose>Unspecified</pose>
		<truncated>Unspecified</truncated>
		<difficult>Unspecified</difficult>
		<bndbox>
			<xmin>58</xmin>
			<ymin>69</ymin>
			<xmax>259</xmax>
			<ymax>241</ymax>
		</bndbox>
	</object>
	<object>
		<name>blood</name>
		<pose>Unspecified</pose>
		<truncated>Unspecified</truncated>
		<difficult>Unspecified</difficult>
		<bndbox>
			<xmin>179</xmin>
			<ymin>140</ymin>
			<xmax>236</xmax>
			<ymax>189</ymax>
		</bndbox>
	</object>
</annotation>