<annotation>
	<folder>my-project-name</folder>
	<filename>newbrain102.jpg</filename>
	<path>/my-project-name/newbrain102.jpg</path>
	<source>
		<database>Unspecified</database>
	</source>
	<size>
		<width>342</width>
		<height>347</height>
		<depth>3</depth>
	</size>
	<object>
		<name>brain</name>
		<pose>Unspecified</pose>
		<truncated>Unspecified</truncated>
		<difficult>Unspecified</difficult>
		<bndbox>
			<xmin>85</xmin>
			<ymin>50</ymin>
			<xmax>263</xmax>
			<ymax>286</ymax>
		</bndbox>
	</object>
	<object>
		<name>blood</name>
		<pose>Unspecified</pose>
		<truncated>Unspecified</truncated>
		<difficult>Unspecified</difficult>
		<bndbox>
			<xmin>120</xmin>
			<ymin>207</ymin>
			<xmax>174</xmax>
			<ymax>258</ymax>
		</bndbox>
	</object>
</annotation>