<annotation>
	<folder>my-project-name</folder>
	<filename>newbrain28.jpg</filename>
	<path>/my-project-name/newbrain28.jpg</path>
	<source>
		<database>Unspecified</database>
	</source>
	<size>
		<width>345</width>
		<height>344</height>
		<depth>3</depth>
	</size>
	<object>
		<name>brain</name>
		<pose>Unspecified</pose>
		<truncated>Unspecified</truncated>
		<difficult>Unspecified</difficult>
		<bndbox>
			<xmin>85</xmin>
			<ymin>74</ymin>
			<xmax>291</xmax>
			<ymax>258</ymax>
		</bndbox>
	</object>
	<object>
		<name>blood</name>
		<pose>Unspecified</pose>
		<truncated>Unspecified</truncated>
		<difficult>Unspecified</difficult>
		<bndbox>
			<xmin>191</xmin>
			<ymin>165</ymin>
			<xmax>246</xmax>
			<ymax>206</ymax>
		</bndbox>
	</object>
</annotation>