<annotation>
	<folder>my-project-name</folder>
	<filename>newbrain58.jpg</filename>
	<path>/my-project-name/newbrain58.jpg</path>
	<source>
		<database>Unspecified</database>
	</source>
	<size>
		<width>341</width>
		<height>343</height>
		<depth>3</depth>
	</size>
	<object>
		<name>brain</name>
		<pose>Unspecified</pose>
		<truncated>Unspecified</truncated>
		<difficult>Unspecified</difficult>
		<bndbox>
			<xmin>74</xmin>
			<ymin>53</ymin>
			<xmax>252</xmax>
			<ymax>239</ymax>
		</bndbox>
	</object>
	<object>
		<name>blood</name>
		<pose>Unspecified</pose>
		<truncated>Unspecified</truncated>
		<difficult>Unspecified</difficult>
		<bndbox>
			<xmin>191</xmin>
			<ymin>100</ymin>
			<xmax>239</xmax>
			<ymax>140</ymax>
		</bndbox>
	</object>
</annotation>