<annotation>
	<folder>my-project-name</folder>
	<filename>newbrain79.jpg</filename>
	<path>/my-project-name/newbrain79.jpg</path>
	<source>
		<database>Unspecified</database>
	</source>
	<size>
		<width>343</width>
		<height>343</height>
		<depth>3</depth>
	</size>
	<object>
		<name>brain</name>
		<pose>Unspecified</pose>
		<truncated>Unspecified</truncated>
		<difficult>Unspecified</difficult>
		<bndbox>
			<xmin>82</xmin>
			<ymin>55</ymin>
			<xmax>258</xmax>
			<ymax>287</ymax>
		</bndbox>
	</object>
	<object>
		<name>blood</name>
		<pose>Unspecified</pose>
		<truncated>Unspecified</truncated>
		<difficult>Unspecified</difficult>
		<bndbox>
			<xmin>143</xmin>
			<ymin>217</ymin>
			<xmax>202</xmax>
			<ymax>263</ymax>
		</bndbox>
	</object>
</annotation>