<annotation>
	<folder>my-project-name</folder>
	<filename>newbrain27.jpg</filename>
	<path>/my-project-name/newbrain27.jpg</path>
	<source>
		<database>Unspecified</database>
	</source>
	<size>
		<width>343</width>
		<height>343</height>
		<depth>3</depth>
	</size>
	<object>
		<name>brain</name>
		<pose>Unspecified</pose>
		<truncated>Unspecified</truncated>
		<difficult>Unspecified</difficult>
		<bndbox>
			<xmin>80</xmin>
			<ymin>57</ymin>
			<xmax>265</xmax>
			<ymax>293</ymax>
		</bndbox>
	</object>
	<object>
		<name>blood</name>
		<pose>Unspecified</pose>
		<truncated>Unspecified</truncated>
		<difficult>Unspecified</difficult>
		<bndbox>
			<xmin>152</xmin>
			<ymin>215</ymin>
			<xmax>198</xmax>
			<ymax>272</ymax>
		</bndbox>
	</object>
</annotation>