<annotation>
	<folder>my-project-name</folder>
	<filename>newbrain66.jpg</filename>
	<path>/my-project-name/newbrain66.jpg</path>
	<source>
		<database>Unspecified</database>
	</source>
	<size>
		<width>343</width>
		<height>343</height>
		<depth>3</depth>
	</size>
	<object>
		<name>brain</name>
		<pose>Unspecified</pose>
		<truncated>Unspecified</truncated>
		<difficult>Unspecified</difficult>
		<bndbox>
			<xmin>60</xmin>
			<ymin>85</ymin>
			<xmax>287</xmax>
			<ymax>263</ymax>
		</bndbox>
	</object>
	<object>
		<name>blood</name>
		<pose>Unspecified</pose>
		<truncated>Unspecified</truncated>
		<difficult>Unspecified</difficult>
		<bndbox>
			<xmin>221</xmin>
			<ymin>150</ymin>
			<xmax>269</xmax>
			<ymax>200</ymax>
		</bndbox>
	</object>
</annotation>