<annotation>
	<folder>my-project-name</folder>
	<filename>newbrain40.jpg</filename>
	<path>/my-project-name/newbrain40.jpg</path>
	<source>
		<database>Unspecified</database>
	</source>
	<size>
		<width>343</width>
		<height>343</height>
		<depth>3</depth>
	</size>
	<object>
		<name>brain</name>
		<pose>Unspecified</pose>
		<truncated>Unspecified</truncated>
		<difficult>Unspecified</difficult>
		<bndbox>
			<xmin>75</xmin>
			<ymin>49</ymin>
			<xmax>278</xmax>
			<ymax>278</ymax>
		</bndbox>
	</object>
	<object>
		<name>blood</name>
		<pose>Unspecified</pose>
		<truncated>Unspecified</truncated>
		<difficult>Unspecified</difficult>
		<bndbox>
			<xmin>147</xmin>
			<ymin>224</ymin>
			<xmax>197</xmax>
			<ymax>256</ymax>
		</bndbox>
	</object>
</annotation>