<annotation>
	<folder>my-project-name</folder>
	<filename>newbrain123.jpg</filename>
	<path>/my-project-name/newbrain123.jpg</path>
	<source>
		<database>Unspecified</database>
	</source>
	<size>
		<width>341</width>
		<height>343</height>
		<depth>3</depth>
	</size>
	<object>
		<name>blood</name>
		<pose>Unspecified</pose>
		<truncated>Unspecified</truncated>
		<difficult>Unspecified</difficult>
		<bndbox>
			<xmin>112</xmin>
			<ymin>101</ymin>
			<xmax>163</xmax>
			<ymax>148</ymax>
		</bndbox>
	</object>
	<object>
		<name>brain</name>
		<pose>Unspecified</pose>
		<truncated>Unspecified</truncated>
		<difficult>Unspecified</difficult>
		<bndbox>
			<xmin>85</xmin>
			<ymin>60</ymin>
			<xmax>260</xmax>
			<ymax>290</ymax>
		</bndbox>
	</object>
</annotation>