<annotation>
	<folder>my-project-name</folder>
	<filename>newbrain82.jpg</filename>
	<path>/my-project-name/newbrain82.jpg</path>
	<source>
		<database>Unspecified</database>
	</source>
	<size>
		<width>340</width>
		<height>344</height>
		<depth>3</depth>
	</size>
	<object>
		<name>brain</name>
		<pose>Unspecified</pose>
		<truncated>Unspecified</truncated>
		<difficult>Unspecified</difficult>
		<bndbox>
			<xmin>83</xmin>
			<ymin>60</ymin>
			<xmax>258</xmax>
			<ymax>285</ymax>
		</bndbox>
	</object>
	<object>
		<name>blood</name>
		<pose>Unspecified</pose>
		<truncated>Unspecified</truncated>
		<difficult>Unspecified</difficult>
		<bndbox>
			<xmin>112</xmin>
			<ymin>92</ymin>
			<xmax>164</xmax>
			<ymax>145</ymax>
		</bndbox>
	</object>
</annotation>