<annotation>
	<folder>my-project-name</folder>
	<filename>newbrain30.jpg</filename>
	<path>/my-project-name/newbrain30.jpg</path>
	<source>
		<database>Unspecified</database>
	</source>
	<size>
		<width>340</width>
		<height>344</height>
		<depth>3</depth>
	</size>
	<object>
		<name>brain</name>
		<pose>Unspecified</pose>
		<truncated>Unspecified</truncated>
		<difficult>Unspecified</difficult>
		<bndbox>
			<xmin>85</xmin>
			<ymin>59</ymin>
			<xmax>259</xmax>
			<ymax>284</ymax>
		</bndbox>
	</object>
	<object>
		<name>blood</name>
		<pose>Unspecified</pose>
		<truncated>Unspecified</truncated>
		<difficult>Unspecified</difficult>
		<bndbox>
			<xmin>111</xmin>
			<ymin>94</ymin>
			<xmax>162</xmax>
			<ymax>139</ymax>
		</bndbox>
	</object>
</annotation>