<annotation>
	<folder>my-project-name</folder>
	<filename>newbrain110.jpg</filename>
	<path>/my-project-name/newbrain110.jpg</path>
	<source>
		<database>Unspecified</database>
	</source>
	<size>
		<width>341</width>
		<height>343</height>
		<depth>3</depth>
	</size>
	<object>
		<name>brain</name>
		<pose>Unspecified</pose>
		<truncated>Unspecified</truncated>
		<difficult>Unspecified</difficult>
		<bndbox>
			<xmin>81</xmin>
			<ymin>58</ymin>
			<xmax>260</xmax>
			<ymax>280</ymax>
		</bndbox>
	</object>
	<object>
		<name>blood</name>
		<pose>Unspecified</pose>
		<truncated>Unspecified</truncated>
		<difficult>Unspecified</difficult>
		<bndbox>
			<xmin>180</xmin>
			<ymin>97</ymin>
			<xmax>232</xmax>
			<ymax>148</ymax>
		</bndbox>
	</object>
</annotation>