<annotation>
	<folder>my-project-name</folder>
	<filename>newbrain99.jpg</filename>
	<path>/my-project-name/newbrain99.jpg</path>
	<source>
		<database>Unspecified</database>
	</source>
	<size>
		<width>311</width>
		<height>314</height>
		<depth>3</depth>
	</size>
	<object>
		<name>brain</name>
		<pose>Unspecified</pose>
		<truncated>Unspecified</truncated>
		<difficult>Unspecified</difficult>
		<bndbox>
			<xmin>62</xmin>
			<ymin>67</ymin>
			<xmax>252</xmax>
			<ymax>247</ymax>
		</bndbox>
	</object>
	<object>
		<name>blood</name>
		<pose>Unspecified</pose>
		<truncated>Unspecified</truncated>
		<difficult>Unspecified</difficult>
		<bndbox>
			<xmin>110</xmin>
			<ymin>100</ymin>
			<xmax>169</xmax>
			<ymax>156</ymax>
		</bndbox>
	</object>
</annotation>