<annotation>
	<folder>my-project-name</folder>
	<filename>newbrain69.jpg</filename>
	<path>/my-project-name/newbrain69.jpg</path>
	<source>
		<database>Unspecified</database>
	</source>
	<size>
		<width>340</width>
		<height>344</height>
		<depth>3</depth>
	</size>
	<object>
		<name>brain</name>
		<pose>Unspecified</pose>
		<truncated>Unspecified</truncated>
		<difficult>Unspecified</difficult>
		<bndbox>
			<xmin>86</xmin>
			<ymin>59</ymin>
			<xmax>260</xmax>
			<ymax>285</ymax>
		</bndbox>
	</object>
	<object>
		<name>blood</name>
		<pose>Unspecified</pose>
		<truncated>Unspecified</truncated>
		<difficult>Unspecified</difficult>
		<bndbox>
			<xmin>112</xmin>
			<ymin>94</ymin>
			<xmax>163</xmax>
			<ymax>141</ymax>
		</bndbox>
	</object>
</annotation>