<annotation>
	<folder>my-project-name</folder>
	<filename>newbrain86.jpg</filename>
	<path>/my-project-name/newbrain86.jpg</path>
	<source>
		<database>Unspecified</database>
	</source>
	<size>
		<width>311</width>
		<height>314</height>
		<depth>3</depth>
	</size>
	<object>
		<name>brain</name>
		<pose>Unspecified</pose>
		<truncated>Unspecified</truncated>
		<difficult>Unspecified</difficult>
		<bndbox>
			<xmin>71</xmin>
			<ymin>54</ymin>
			<xmax>241</xmax>
			<ymax>258</ymax>
		</bndbox>
	</object>
</annotation>