<annotation>
	<folder>my-project-name</folder>
	<filename>newbrain41.jpg</filename>
	<path>/my-project-name/newbrain41.jpg</path>
	<source>
		<database>Unspecified</database>
	</source>
	<size>
		<width>345</width>
		<height>344</height>
		<depth>3</depth>
	</size>
	<object>
		<name>brain</name>
		<pose>Unspecified</pose>
		<truncated>Unspecified</truncated>
		<difficult>Unspecified</difficult>
		<bndbox>
			<xmin>87</xmin>
			<ymin>73</ymin>
			<xmax>260</xmax>
			<ymax>319</ymax>
		</bndbox>
	</object>
	<object>
		<name>blood</name>
		<pose>Unspecified</pose>
		<truncated>Unspecified</truncated>
		<difficult>Unspecified</difficult>
		<bndbox>
			<xmin>139</xmin>
			<ymin>226</ymin>
			<xmax>190</xmax>
			<ymax>269</ymax>
		</bndbox>
	</object>
</annotation>