<annotation>
	<folder>my-project-name</folder>
	<filename>newbrain6.jpg</filename>
	<path>/my-project-name/newbrain6.jpg</path>
	<source>
		<database>Unspecified</database>
	</source>
	<size>
		<width>341</width>
		<height>343</height>
		<depth>3</depth>
	</size>
	<object>
		<name>blood</name>
		<pose>Unspecified</pose>
		<truncated>Unspecified</truncated>
		<difficult>Unspecified</difficult>
		<bndbox>
			<xmin>143</xmin>
			<ymin>92</ymin>
			<xmax>204</xmax>
			<ymax>140</ymax>
		</bndbox>
	</object>
	<object>
		<name>brain</name>
		<pose>Unspecified</pose>
		<truncated>Unspecified</truncated>
		<difficult>Unspecified</difficult>
		<bndbox>
			<xmin>75</xmin>
			<ymin>66</ymin>
			<xmax>267</xmax>
			<ymax>279</ymax>
		</bndbox>
	</object>
</annotation>