<annotation>
	<folder>my-project-name</folder>
	<filename>newbrain53.jpg</filename>
	<path>/my-project-name/newbrain53.jpg</path>
	<source>
		<database>Unspecified</database>
	</source>
	<size>
		<width>343</width>
		<height>343</height>
		<depth>3</depth>
	</size>
	<object>
		<name>brain</name>
		<pose>Unspecified</pose>
		<truncated>Unspecified</truncated>
		<difficult>Unspecified</difficult>
		<bndbox>
			<xmin>67</xmin>
			<ymin>74</ymin>
			<xmax>275</xmax>
			<ymax>267</ymax>
		</bndbox>
	</object>
	<object>
		<name>blood</name>
		<pose>Unspecified</pose>
		<truncated>Unspecified</truncated>
		<difficult>Unspecified</difficult>
		<bndbox>
			<xmin>213</xmin>
			<ymin>178</ymin>
			<xmax>256</xmax>
			<ymax>220</ymax>
		</bndbox>
	</object>
</annotation>