<annotation>
	<folder>my-project-name</folder>
	<filename>newbrain61.jpg</filename>
	<path>/my-project-name/newbrain61.jpg</path>
	<source>
		<database>Unspecified</database>
	</source>
	<size>
		<width>311</width>
		<height>316</height>
		<depth>3</depth>
	</size>
	<object>
		<name>brain</name>
		<pose>Unspecified</pose>
		<truncated>Unspecified</truncated>
		<difficult>Unspecified</difficult>
		<bndbox>
			<xmin>100</xmin>
			<ymin>60</ymin>
			<xmax>252</xmax>
			<ymax>288</ymax>
		</bndbox>
	</object>
	<object>
		<name>blood</name>
		<pose>Unspecified</pose>
		<truncated>Unspecified</truncated>
		<difficult>Unspecified</difficult>
		<bndbox>
			<xmin>190</xmin>
			<ymin>201</ymin>
			<xmax>233</xmax>
			<ymax>257</ymax>
		</bndbox>
	</object>
</annotation>