<annotation>
	<folder>my-project-name</folder>
	<filename>newbrain10.jpg</filename>
	<path>/my-project-name/newbrain10.jpg</path>
	<source>
		<database>Unspecified</database>
	</source>
	<size>
		<width>342</width>
		<height>347</height>
		<depth>3</depth>
	</size>
	<object>
		<name>blood</name>
		<pose>Unspecified</pose>
		<truncated>Unspecified</truncated>
		<difficult>Unspecified</difficult>
		<bndbox>
			<xmin>137</xmin>
			<ymin>121</ymin>
			<xmax>198</xmax>
			<ymax>179</ymax>
		</bndbox>
	</object>
	<object>
		<name>brain</name>
		<pose>Unspecified</pose>
		<truncated>Unspecified</truncated>
		<difficult>Unspecified</difficult>
		<bndbox>
			<xmin>73</xmin>
			<ymin>57</ymin>
			<xmax>285</xmax>
			<ymax>260</ymax>
		</bndbox>
	</object>
</annotation>