<annotation>
	<folder>my-project-name</folder>
	<filename>newbrain67.jpg</filename>
	<path>/my-project-name/newbrain67.jpg</path>
	<source>
		<database>Unspecified</database>
	</source>
	<size>
		<width>345</width>
		<height>344</height>
		<depth>3</depth>
	</size>
	<object>
		<name>brain</name>
		<pose>Unspecified</pose>
		<truncated>Unspecified</truncated>
		<difficult>Unspecified</difficult>
		<bndbox>
			<xmin>85</xmin>
			<ymin>59</ymin>
			<xmax>262</xmax>
			<ymax>286</ymax>
		</bndbox>
	</object>
	<object>
		<name>blood</name>
		<pose>Unspecified</pose>
		<truncated>Unspecified</truncated>
		<difficult>Unspecified</difficult>
		<bndbox>
			<xmin>148</xmin>
			<ymin>187</ymin>
			<xmax>200</xmax>
			<ymax>238</ymax>
		</bndbox>
	</object>
</annotation>