<annotation>
	<folder>my-project-name</folder>
	<filename>newbrain83.jpg</filename>
	<path>/my-project-name/newbrain83.jpg</path>
	<source>
		<database>Unspecified</database>
	</source>
	<size>
		<width>344</width>
		<height>347</height>
		<depth>3</depth>
	</size>
	<object>
		<name>brain</name>
		<pose>Unspecified</pose>
		<truncated>Unspecified</truncated>
		<difficult>Unspecified</difficult>
		<bndbox>
			<xmin>57</xmin>
			<ymin>67</ymin>
			<xmax>281</xmax>
			<ymax>271</ymax>
		</bndbox>
	</object>
	<object>
		<name>blood</name>
		<pose>Unspecified</pose>
		<truncated>Unspecified</truncated>
		<difficult>Unspecified</difficult>
		<bndbox>
			<xmin>217</xmin>
			<ymin>153</ymin>
			<xmax>270</xmax>
			<ymax>206</ymax>
		</bndbox>
	</object>
</annotation>