<annotation>
	<folder>my-project-name</folder>
	<filename>newbrain107.jpg</filename>
	<path>/my-project-name/newbrain107.jpg</path>
	<source>
		<database>Unspecified</database>
	</source>
	<size>
		<width>316</width>
		<height>313</height>
		<depth>3</depth>
	</size>
	<object>
		<name>brain</name>
		<pose>Unspecified</pose>
		<truncated>Unspecified</truncated>
		<difficult>Unspecified</difficult>
		<bndbox>
			<xmin>73</xmin>
			<ymin>57</ymin>
			<xmax>237</xmax>
			<ymax>269</ymax>
		</bndbox>
	</object>
	<object>
		<name>blood</name>
		<pose>Unspecified</pose>
		<truncated>Unspecified</truncated>
		<difficult>Unspecified</difficult>
		<bndbox>
			<xmin>162</xmin>
			<ymin>94</ymin>
			<xmax>215</xmax>
			<ymax>136</ymax>
		</bndbox>
	</object>
</annotation>