<annotation>
	<folder>my-project-name</folder>
	<filename>newbrain73.jpg</filename>
	<path>/my-project-name/newbrain73.jpg</path>
	<source>
		<database>Unspecified</database>
	</source>
	<size>
		<width>311</width>
		<height>314</height>
		<depth>3</depth>
	</size>
	<object>
		<name>brain</name>
		<pose>Unspecified</pose>
		<truncated>Unspecified</truncated>
		<difficult>Unspecified</difficult>
		<bndbox>
			<xmin>63</xmin>
			<ymin>65</ymin>
			<xmax>233</xmax>
			<ymax>266</ymax>
		</bndbox>
	</object>
	<object>
		<name>blood</name>
		<pose>Unspecified</pose>
		<truncated>Unspecified</truncated>
		<difficult>Unspecified</difficult>
		<bndbox>
			<xmin>157</xmin>
			<ymin>131</ymin>
			<xmax>217</xmax>
			<ymax>189</ymax>
		</bndbox>
	</object>
</annotation>