<annotation>
	<folder>my-project-name</folder>
	<filename>newbrain81.jpg</filename>
	<path>/my-project-name/newbrain81.jpg</path>
	<source>
		<database>Unspecified</database>
	</source>
	<size>
		<width>316</width>
		<height>313</height>
		<depth>3</depth>
	</size>
	<object>
		<name>brain</name>
		<pose>Unspecified</pose>
		<truncated>Unspecified</truncated>
		<difficult>Unspecified</difficult>
		<bndbox>
			<xmin>60</xmin>
			<ymin>63</ymin>
			<xmax>250</xmax>
			<ymax>252</ymax>
		</bndbox>
	</object>
	<object>
		<name>blood</name>
		<pose>Unspecified</pose>
		<truncated>Unspecified</truncated>
		<difficult>Unspecified</difficult>
		<bndbox>
			<xmin>139</xmin>
			<ymin>83</ymin>
			<xmax>192</xmax>
			<ymax>129</ymax>
		</bndbox>
	</object>
</annotation>