<annotation>
	<folder>my-project-name</folder>
	<filename>newbrain98.jpg</filename>
	<path>/my-project-name/newbrain98.jpg</path>
	<source>
		<database>Unspecified</database>
	</source>
	<size>
		<width>345</width>
		<height>344</height>
		<depth>3</depth>
	</size>
	<object>
		<name>brain</name>
		<pose>Unspecified</pose>
		<truncated>Unspecified</truncated>
		<difficult>Unspecified</difficult>
		<bndbox>
			<xmin>87</xmin>
			<ymin>60</ymin>
			<xmax>265</xmax>
			<ymax>288</ymax>
		</bndbox>
	</object>
	<object>
		<name>blood</name>
		<pose>Unspecified</pose>
		<truncated>Unspecified</truncated>
		<difficult>Unspecified</difficult>
		<bndbox>
			<xmin>103</xmin>
			<ymin>144</ymin>
			<xmax>161</xmax>
			<ymax>199</ymax>
		</bndbox>
	</object>
</annotation>