<annotation>
	<folder>my-project-name</folder>
	<filename>newbrain62.jpg</filename>
	<path>/my-project-name/newbrain62.jpg</path>
	<source>
		<database>Unspecified</database>
	</source>
	<size>
		<width>342</width>
		<height>347</height>
		<depth>3</depth>
	</size>
	<object>
		<name>brain</name>
		<pose>Unspecified</pose>
		<truncated>Unspecified</truncated>
		<difficult>Unspecified</difficult>
		<bndbox>
			<xmin>77</xmin>
			<ymin>73</ymin>
			<xmax>255</xmax>
			<ymax>260</ymax>
		</bndbox>
	</object>
	<object>
		<name>blood</name>
		<pose>Unspecified</pose>
		<truncated>Unspecified</truncated>
		<difficult>Unspecified</difficult>
		<bndbox>
			<xmin>129</xmin>
			<ymin>134</ymin>
			<xmax>207</xmax>
			<ymax>182</ymax>
		</bndbox>
	</object>
</annotation>