<annotation>
	<folder>my-project-name</folder>
	<filename>newbrain5.jpg</filename>
	<path>/my-project-name/newbrain5.jpg</path>
	<source>
		<database>Unspecified</database>
	</source>
	<size>
		<width>344</width>
		<height>347</height>
		<depth>3</depth>
	</size>
	<object>
		<name>blood</name>
		<pose>Unspecified</pose>
		<truncated>Unspecified</truncated>
		<difficult>Unspecified</difficult>
		<bndbox>
			<xmin>180</xmin>
			<ymin>92</ymin>
			<xmax>229</xmax>
			<ymax>145</ymax>
		</bndbox>
	</object>
	<object>
		<name>brain</name>
		<pose>Unspecified</pose>
		<truncated>Unspecified</truncated>
		<difficult>Unspecified</difficult>
		<bndbox>
			<xmin>79</xmin>
			<ymin>57</ymin>
			<xmax>259</xmax>
			<ymax>287</ymax>
		</bndbox>
	</object>
</annotation>