<annotation>
	<folder>my-project-name</folder>
	<filename>newbrain7.jpg</filename>
	<path>/my-project-name/newbrain7.jpg</path>
	<source>
		<database>Unspecified</database>
	</source>
	<size>
		<width>345</width>
		<height>344</height>
		<depth>3</depth>
	</size>
	<object>
		<name>blood</name>
		<pose>Unspecified</pose>
		<truncated>Unspecified</truncated>
		<difficult>Unspecified</difficult>
		<bndbox>
			<xmin>199</xmin>
			<ymin>134</ymin>
			<xmax>254</xmax>
			<ymax>172</ymax>
		</bndbox>
	</object>
	<object>
		<name>blood</name>
		<pose>Unspecified</pose>
		<truncated>Unspecified</truncated>
		<difficult>Unspecified</difficult>
		<bndbox>
			<xmin>94</xmin>
			<ymin>49</ymin>
			<xmax>265</xmax>
			<ymax>274</ymax>
		</bndbox>
	</object>
</annotation>