<annotation>
	<folder>my-project-name</folder>
	<filename>newbrain100.jpg</filename>
	<path>/my-project-name/newbrain100.jpg</path>
	<source>
		<database>Unspecified</database>
	</source>
	<size>
		<width>311</width>
		<height>316</height>
		<depth>3</depth>
	</size>
	<object>
		<name>brain</name>
		<pose>Unspecified</pose>
		<truncated>Unspecified</truncated>
		<difficult>Unspecified</difficult>
		<bndbox>
			<xmin>92</xmin>
			<ymin>54</ymin>
			<xmax>235</xmax>
			<ymax>275</ymax>
		</bndbox>
	</object>
	<object>
		<name>blood</name>
		<pose>Unspecified</pose>
		<truncated>Unspecified</truncated>
		<difficult>Unspecified</difficult>
		<bndbox>
			<xmin>114</xmin>
			<ymin>184</ymin>
			<xmax>161</xmax>
			<ymax>233</ymax>
		</bndbox>
	</object>
</annotation>