<annotation>
	<folder>my-project-name</folder>
	<filename>newbrain3.jpg</filename>
	<path>/my-project-name/newbrain3.jpg</path>
	<source>
		<database>Unspecified</database>
	</source>
	<size>
		<width>316</width>
		<height>313</height>
		<depth>3</depth>
	</size>
	<object>
		<name>brain</name>
		<pose>Unspecified</pose>
		<truncated>Unspecified</truncated>
		<difficult>Unspecified</difficult>
		<bndbox>
			<xmin>75</xmin>
			<ymin>59</ymin>
			<xmax>244</xmax>
			<ymax>258</ymax>
		</bndbox>
	</object>
	<object>
		<name>blood</name>
		<pose>Unspecified</pose>
		<truncated>Unspecified</truncated>
		<difficult>Unspecified</difficult>
		<bndbox>
			<xmin>141</xmin>
			<ymin>86</ymin>
			<xmax>192</xmax>
			<ymax>131</ymax>
		</bndbox>
	</object>
</annotation>