<annotation>
	<folder>my-project-name</folder>
	<filename>newbrain118.jpg</filename>
	<path>/my-project-name/newbrain118.jpg</path>
	<source>
		<database>Unspecified</database>
	</source>
	<size>
		<width>343</width>
		<height>343</height>
		<depth>3</depth>
	</size>
	<object>
		<name>brain</name>
		<pose>Unspecified</pose>
		<truncated>Unspecified</truncated>
		<difficult>Unspecified</difficult>
		<bndbox>
			<xmin>104</xmin>
			<ymin>77</ymin>
			<xmax>293</xmax>
			<ymax>311</ymax>
		</bndbox>
	</object>
	<object>
		<name>blood</name>
		<pose>Unspecified</pose>
		<truncated>Unspecified</truncated>
		<difficult>Unspecified</difficult>
		<bndbox>
			<xmin>182</xmin>
			<ymin>244</ymin>
			<xmax>229</xmax>
			<ymax>296</ymax>
		</bndbox>
	</object>
</annotation>