<annotation>
	<folder>my-project-name</folder>
	<filename>newbrain63.jpg</filename>
	<path>/my-project-name/newbrain63.jpg</path>
	<source>
		<database>Unspecified</database>
	</source>
	<size>
		<width>342</width>
		<height>347</height>
		<depth>3</depth>
	</size>
	<object>
		<name>brain</name>
		<pose>Unspecified</pose>
		<truncated>Unspecified</truncated>
		<difficult>Unspecified</difficult>
		<bndbox>
			<xmin>82</xmin>
			<ymin>64</ymin>
			<xmax>260</xmax>
			<ymax>294</ymax>
		</bndbox>
	</object>
	<object>
		<name>blood</name>
		<pose>Unspecified</pose>
		<truncated>Unspecified</truncated>
		<difficult>Unspecified</difficult>
		<bndbox>
			<xmin>186</xmin>
			<ymin>195</ymin>
			<xmax>238</xmax>
			<ymax>243</ymax>
		</bndbox>
	</object>
</annotation>