<annotation>
	<folder>my-project-name</folder>
	<filename>newbrain16.jpg</filename>
	<path>/my-project-name/newbrain16.jpg</path>
	<source>
		<database>Unspecified</database>
	</source>
	<size>
		<width>316</width>
		<height>313</height>
		<depth>3</depth>
	</size>
	<object>
		<name>brain</name>
		<pose>Unspecified</pose>
		<truncated>Unspecified</truncated>
		<difficult>Unspecified</difficult>
		<bndbox>
			<xmin>70</xmin>
			<ymin>63</ymin>
			<xmax>263</xmax>
			<ymax>228</ymax>
		</bndbox>
	</object>
	<object>
		<name>blood</name>
		<pose>Unspecified</pose>
		<truncated>Unspecified</truncated>
		<difficult>Unspecified</difficult>
		<bndbox>
			<xmin>164</xmin>
			<ymin>80</ymin>
			<xmax>215</xmax>
			<ymax>121</ymax>
		</bndbox>
	</object>
</annotation>