<annotation>
	<folder>my-project-name</folder>
	<filename>newbrain11.jpg</filename>
	<path>/my-project-name/newbrain11.jpg</path>
	<source>
		<database>Unspecified</database>
	</source>
	<size>
		<width>342</width>
		<height>347</height>
		<depth>3</depth>
	</size>
	<object>
		<name>blood</name>
		<pose>Unspecified</pose>
		<truncated>Unspecified</truncated>
		<difficult>Unspecified</difficult>
		<bndbox>
			<xmin>186</xmin>
			<ymin>247</ymin>
			<xmax>242</xmax>
			<ymax>289</ymax>
		</bndbox>
	</object>
	<object>
		<name>brain</name>
		<pose>Unspecified</pose>
		<truncated>Unspecified</truncated>
		<difficult>Unspecified</difficult>
		<bndbox>
			<xmin>85</xmin>
			<ymin>99</ymin>
			<xmax>301</xmax>
			<ymax>308</ymax>
		</bndbox>
	</object>
</annotation>