<annotation>
	<folder>my-project-name</folder>
	<filename>newbrain8.jpg</filename>
	<path>/my-project-name/newbrain8.jpg</path>
	<source>
		<database>Unspecified</database>
	</source>
	<size>
		<width>311</width>
		<height>314</height>
		<depth>3</depth>
	</size>
	<object>
		<name>blood</name>
		<pose>Unspecified</pose>
		<truncated>Unspecified</truncated>
		<difficult>Unspecified</difficult>
		<bndbox>
			<xmin>165</xmin>
			<ymin>131</ymin>
			<xmax>224</xmax>
			<ymax>177</ymax>
		</bndbox>
	</object>
	<object>
		<name>brain</name>
		<pose>Unspecified</pose>
		<truncated>Unspecified</truncated>
		<difficult>Unspecified</difficult>
		<bndbox>
			<xmin>76</xmin>
			<ymin>49</ymin>
			<xmax>237</xmax>
			<ymax>260</ymax>
		</bndbox>
	</object>
</annotation>