<annotation>
	<folder>my-project-name</folder>
	<filename>newbrain128.jpg</filename>
	<path>/my-project-name/newbrain128.jpg</path>
	<source>
		<database>Unspecified</database>
	</source>
	<size>
		<width>342</width>
		<height>347</height>
		<depth>3</depth>
	</size>
	<object>
		<name>brain</name>
		<pose>Unspecified</pose>
		<truncated>Unspecified</truncated>
		<difficult>Unspecified</difficult>
		<bndbox>
			<xmin>81</xmin>
			<ymin>64</ymin>
			<xmax>259</xmax>
			<ymax>295</ymax>
		</bndbox>
	</object>
	<object>
		<name>blood</name>
		<pose>Unspecified</pose>
		<truncated>Unspecified</truncated>
		<difficult>Unspecified</difficult>
		<bndbox>
			<xmin>176</xmin>
			<ymin>203</ymin>
			<xmax>231</xmax>
			<ymax>243</ymax>
		</bndbox>
	</object>
</annotation>