<annotation>
	<folder>my-project-name</folder>
	<filename>newbrain105.jpg</filename>
	<path>/my-project-name/newbrain105.jpg</path>
	<source>
		<database>Unspecified</database>
	</source>
	<size>
		<width>343</width>
		<height>343</height>
		<depth>3</depth>
	</size>
	<object>
		<name>brain</name>
		<pose>Unspecified</pose>
		<truncated>Unspecified</truncated>
		<difficult>Unspecified</difficult>
		<bndbox>
			<xmin>75</xmin>
			<ymin>59</ymin>
			<xmax>261</xmax>
			<ymax>282</ymax>
		</bndbox>
	</object>
	<object>
		<name>blood</name>
		<pose>Unspecified</pose>
		<truncated>Unspecified</truncated>
		<difficult>Unspecified</difficult>
		<bndbox>
			<xmin>113</xmin>
			<ymin>212</ymin>
			<xmax>160</xmax>
			<ymax>264</ymax>
		</bndbox>
	</object>
</annotation>