<annotation>
	<folder>my-project-name</folder>
	<filename>newbrain19.jpg</filename>
	<path>/my-project-name/newbrain19.jpg</path>
	<source>
		<database>Unspecified</database>
	</source>
	<size>
		<width>341</width>
		<height>343</height>
		<depth>3</depth>
	</size>
	<object>
		<name>blood</name>
		<pose>Unspecified</pose>
		<truncated>Unspecified</truncated>
		<difficult>Unspecified</difficult>
		<bndbox>
			<xmin>85</xmin>
			<ymin>140</ymin>
			<xmax>141</xmax>
			<ymax>196</ymax>
		</bndbox>
	</object>
	<object>
		<name>brain</name>
		<pose>Unspecified</pose>
		<truncated>Unspecified</truncated>
		<difficult>Unspecified</difficult>
		<bndbox>
			<xmin>69</xmin>
			<ymin>76</ymin>
			<xmax>276</xmax>
			<ymax>270</ymax>
		</bndbox>
	</object>
</annotation>