<annotation>
	<folder>my-project-name</folder>
	<filename>newbrain44.jpg</filename>
	<path>/my-project-name/newbrain44.jpg</path>
	<source>
		<database>Unspecified</database>
	</source>
	<size>
		<width>344</width>
		<height>347</height>
		<depth>3</depth>
	</size>
	<object>
		<name>brain</name>
		<pose>Unspecified</pose>
		<truncated>Unspecified</truncated>
		<difficult>Unspecified</difficult>
		<bndbox>
			<xmin>86</xmin>
			<ymin>60</ymin>
			<xmax>259</xmax>
			<ymax>291</ymax>
		</bndbox>
	</object>
	<object>
		<name>blood</name>
		<pose>Unspecified</pose>
		<truncated>Unspecified</truncated>
		<difficult>Unspecified</difficult>
		<bndbox>
			<xmin>110</xmin>
			<ymin>94</ymin>
			<xmax>162</xmax>
			<ymax>144</ymax>
		</bndbox>
	</object>
</annotation>