<annotation>
	<folder>my-project-name</folder>
	<filename>newbrain84.jpg</filename>
	<path>/my-project-name/newbrain84.jpg</path>
	<source>
		<database>Unspecified</database>
	</source>
	<size>
		<width>341</width>
		<height>343</height>
		<depth>3</depth>
	</size>
	<object>
		<name>brain</name>
		<pose>Unspecified</pose>
		<truncated>Unspecified</truncated>
		<difficult>Unspecified</difficult>
		<bndbox>
			<xmin>67</xmin>
			<ymin>68</ymin>
			<xmax>269</xmax>
			<ymax>273</ymax>
		</bndbox>
	</object>
	<object>
		<name>blood</name>
		<pose>Unspecified</pose>
		<truncated>Unspecified</truncated>
		<difficult>Unspecified</difficult>
		<bndbox>
			<xmin>146</xmin>
			<ymin>91</ymin>
			<xmax>206</xmax>
			<ymax>138</ymax>
		</bndbox>
	</object>
</annotation>