<annotation>
	<folder>my-project-name</folder>
	<filename>newbrain46.jpg</filename>
	<path>/my-project-name/newbrain46.jpg</path>
	<source>
		<database>Unspecified</database>
	</source>
	<size>
		<width>345</width>
		<height>344</height>
		<depth>3</depth>
	</size>
	<object>
		<name>brain</name>
		<pose>Unspecified</pose>
		<truncated>Unspecified</truncated>
		<difficult>Unspecified</difficult>
		<bndbox>
			<xmin>83</xmin>
			<ymin>62</ymin>
			<xmax>259</xmax>
			<ymax>289</ymax>
		</bndbox>
	</object>
	<object>
		<name>blood</name>
		<pose>Unspecified</pose>
		<truncated>Unspecified</truncated>
		<difficult>Unspecified</difficult>
		<bndbox>
			<xmin>182</xmin>
			<ymin>139</ymin>
			<xmax>242</xmax>
			<ymax>196</ymax>
		</bndbox>
	</object>
</annotation>