<annotation>
	<folder>my-project-name</folder>
	<filename>newbrain43.jpg</filename>
	<path>/my-project-name/newbrain43.jpg</path>
	<source>
		<database>Unspecified</database>
	</source>
	<size>
		<width>340</width>
		<height>344</height>
		<depth>3</depth>
	</size>
	<object>
		<name>brain</name>
		<pose>Unspecified</pose>
		<truncated>Unspecified</truncated>
		<difficult>Unspecified</difficult>
		<bndbox>
			<xmin>53</xmin>
			<ymin>78</ymin>
			<xmax>286</xmax>
			<ymax>266</ymax>
		</bndbox>
	</object>
	<object>
		<name>blood</name>
		<pose>Unspecified</pose>
		<truncated>Unspecified</truncated>
		<difficult>Unspecified</difficult>
		<bndbox>
			<xmin>165</xmin>
			<ymin>92</ymin>
			<xmax>228</xmax>
			<ymax>150</ymax>
		</bndbox>
	</object>
</annotation>