<annotation>
	<folder>my-project-name</folder>
	<filename>newbrain49.jpg</filename>
	<path>/my-project-name/newbrain49.jpg</path>
	<source>
		<database>Unspecified</database>
	</source>
	<size>
		<width>342</width>
		<height>347</height>
		<depth>3</depth>
	</size>
	<object>
		<name>brain</name>
		<pose>Unspecified</pose>
		<truncated>Unspecified</truncated>
		<difficult>Unspecified</difficult>
		<bndbox>
			<xmin>86</xmin>
			<ymin>79</ymin>
			<xmax>247</xmax>
			<ymax>281</ymax>
		</bndbox>
	</object>
	<object>
		<name>blood</name>
		<pose>Unspecified</pose>
		<truncated>Unspecified</truncated>
		<difficult>Unspecified</difficult>
		<bndbox>
			<xmin>128</xmin>
			<ymin>160</ymin>
			<xmax>196</xmax>
			<ymax>200</ymax>
		</bndbox>
	</object>
</annotation>